sampleName	scalingFactor
ctrl_1	0.9720112818475112
ctrl_2	1.1412090081912438
ctrl_3	1.1426285711770698
kras_1	1.0800016020779624
kras_2	0.8395849340196212
kras_3	0.8882341088027503
