sampleName,scalingFactor
ctrl_1,0.3162277660168379
ctrl_2,0.3162277660168379
ctrl_3,0.3162277660168379
kras_1,3.162277660168378
kras_2,3.162277660168378
kras_3,3.162277660168378
