"baseMean"	"log2FoldChange"	"lfcSE"	"stat"	"pvalue"	"padj"
"g1"	45.8712507749766	2.87066211448829	0.327804242603198	8.75724515244661	2.0008018223823e-18	8.00320728952921e-18
"g2"	20.9851385049367	-0.00975607038044945	0.31482187404188	-0.0309891757367267	0.975278172039081	0.975278172039081
"g3"	135.650639381228	2.94893679237456	0.194650141653658	15.1499339652247	7.58427702900801e-52	6.06742162320641e-51
"g4"	40.9887205380228	-0.009756152644243	0.225311149019618	-0.043300798414523	0.965461754778168	0.975278172039081
"g5"	50.9905115545658	-0.00975617300366928	0.202017758591026	-0.0482936404785093	0.961482222804902	0.975278172039081
"g6"	60.9923025711089	-0.0097561876528096	0.184718223449047	-0.0528165953019832	0.957878038817072	0.975278172039081
"g7"	70.9940935876519	-0.00975619875149815	0.171216458489524	-0.0569816642486802	0.954559801216452	0.975278172039081
"g8"	80.9958846041949	-0.0097562074811608	0.160299511039278	-0.0608623658170127	0.9514688215835	0.975278172039081
